{
  "schemaVersion": 1,
  "id": "wrath",
  "version": "${version}",

  "name": "Wrath Client",
  "description": "This is an example description! Tell everyone what your mod is about!",
  "authors": [
    "dbva"
  ],
  "license": "MIT",
  "icon": "assets/wrath/icon.png",

  "environment": "*",
  "entrypoints": {
    "main": [
      "net.dbva.wrath.Wrath"
    ]
  },
  "mixins": [
    "wrath.mixins.json"
  ],

  "depends": {
    "fabricloader": ">=0.11.3",
    "fabric": "*",
    "minecraft": "1.17.x",
    "java": ">=16"
  },
  "suggests": {
    "another-mod": "*"
  }
}
